{"drug_brands" : [{"drug_id": "DB00001","brand_name": "Refludan"}, {"drug_id": "DB00002","brand_name": "Erbitux"}, {"drug_id": "DB00003","brand_name": "Pulmozyme"}, {"drug_id": "DB00003","brand_name": "Viscozyme"}, {"drug_id": "DB00004","brand_name": "Ontak"}, {"drug_id": "DB00005","brand_name": "Enbrel"}, {"drug_id": "DB00005","brand_name": "Enbrel (Immunex Corp)"}, {"drug_id": "DB00005","brand_name": "Enbrel Sureclick"}, {"drug_id": "DB00006","brand_name": "Angiomax"}, {"drug_id": "DB00006","brand_name": "Angiox"}, {"drug_id": "DB00007","brand_name": "Eligard"}, {"drug_id": "DB00007","brand_name": "Enantone"}, {"drug_id": "DB00007","brand_name": "Leuplin"}, {"drug_id": "DB00007","brand_name": "LeuProMaxx"}, {"drug_id": "DB00007","brand_name": "Leupromer"}, {"drug_id": "DB00007","brand_name": "Lupron"}, {"drug_id": "DB00007","brand_name": "Lutrate"}, {"drug_id": "DB00007","brand_name": "Memryte"}, {"drug_id": "DB00007","brand_name": "Prostap 3"}, {"drug_id": "DB00007","brand_name": "Prostap SR"}, {"drug_id": "DB00007","brand_name": "Viadur"}, {"drug_id": "DB00008","brand_name": "Pegasys"}, {"drug_id": "DB00008","brand_name": "Pegasys (Hoffman-La Roche Inc)"}, {"drug_id": "DB00009","brand_name": "Activase (Genentech Inc)"}, {"drug_id": "DB00010","brand_name": "Geref"}, {"drug_id": "DB00011","brand_name": "Wellferon (GlaxoSmithKline)"}, {"drug_id": "DB00012","brand_name": "Aranesp "}, {"drug_id": "DB00013","brand_name": "Abbokinase"}, {"drug_id": "DB00013","brand_name": "Kinlytic"}, {"drug_id": "DB00014","brand_name": "Zoladex"}, {"drug_id": "DB00015","brand_name": "Retavase (Centocor)"}, {"drug_id": "DB00015","brand_name": "Retavase (Roche)"}, {"drug_id": "DB00016","brand_name": "Epogen"}, {"drug_id": "DB00016","brand_name": "Epogen (Amgen Inc.)"}, {"drug_id": "DB00016","brand_name": "Epogin (Chugai)"}, {"drug_id": "DB00016","brand_name": "Epomax (Elanex)"}, {"drug_id": "DB00016","brand_name": "Eprex"}, {"drug_id": "DB00016","brand_name": "NeoRecormon (Roche)"}, {"drug_id": "DB00016","brand_name": "Procrit"}, {"drug_id": "DB00016","brand_name": "Procrit (Ortho Biotech)"}, {"drug_id": "DB00016","brand_name": "Recormon (Roche)"}, {"drug_id": "DB00017","brand_name": "Calcimar"}, {"drug_id": "DB00017","brand_name": "Miacalcin (Novartis)"}, {"drug_id": "DB00018","brand_name": "Alferon (Interferon Sciences I"}, {"drug_id": "DB00018","brand_name": "Alferon LDO"}, {"drug_id": "DB00018","brand_name": "Alferon N Injection"}, {"drug_id": "DB00019","brand_name": "Neulasta (Amgen Inc.)"}, {"drug_id": "DB00020","brand_name": "Immunex"}, {"drug_id": "DB00020","brand_name": "Leucomax (Novartis)"}, {"drug_id": "DB00020","brand_name": "Leukine"}, {"drug_id": "DB00020","brand_name": "Leukine (Berlex Laboratories I"}, {"drug_id": "DB00021","brand_name": "SecreFlo"}, {"drug_id": "DB00021","brand_name": "Secremax, SecreFlo (Repligen C"}, {"drug_id": "DB00022","brand_name": "PEG-Intron	(Schering Corp)"}, {"drug_id": "DB00022","brand_name": "Unitron PEG"}, {"drug_id": "DB00023","brand_name": "Elspar (Merck & Co. Inc)"}, {"drug_id": "DB00024","brand_name": "Thyrogen (Genzyme Inc)"}, {"drug_id": "DB00025","brand_name": "Advate"}, {"drug_id": "DB00025","brand_name": "Alphanate"}, {"drug_id": "DB00025","brand_name": "Bioclate"}, {"drug_id": "DB00025","brand_name": "Helixate"}, {"drug_id": "DB00025","brand_name": "Helixate FS"}, {"drug_id": "DB00025","brand_name": "Hemofil M"}, {"drug_id": "DB00025","brand_name": "Humate-P"}, {"drug_id": "DB00025","brand_name": "Hyate:C"}, {"drug_id": "DB00025","brand_name": "Koate-HP"}, {"drug_id": "DB00025","brand_name": "Kogenate"}, {"drug_id": "DB00025","brand_name": "Kogenate FS"}, {"drug_id": "DB00025","brand_name": "Monarc-M"}, {"drug_id": "DB00025","brand_name": "Monoclate-P"}, {"drug_id": "DB00025","brand_name": "ReFacto"}, {"drug_id": "DB00025","brand_name": "Xyntha"}, {"drug_id": "DB00026","brand_name": "Kineret (Amgen Inc)"}, {"drug_id": "DB00027","brand_name": "Neosporin"}, {"drug_id": "DB00028","brand_name": "Civacir"}, {"drug_id": "DB00028","brand_name": "Flebogamma (Instituto Grifols "}, {"drug_id": "DB00028","brand_name": "Gamunex (Talecris Biotherapeut"}, {"drug_id": "DB00029","brand_name": "Eminase (Wulfing Pharma GmbH)"}, {"drug_id": "DB00030","brand_name": "Humulin R"}, {"drug_id": "DB00030","brand_name": "Novolin R"}, {"drug_id": "DB00031","brand_name": "TNKase (Genentech Inc)"}, {"drug_id": "DB00032","brand_name": "Repronex"}, {"drug_id": "DB00033","brand_name": "Actimmune"}, {"drug_id": "DB00033","brand_name": "Actimmune (InterMune Inc)"}, {"drug_id": "DB00034","brand_name": "Roferon A (Hoffmann-La Roche I"}, {"drug_id": "DB00034","brand_name": "Veldona (Amarillo Biosciences)"}, {"drug_id": "DB00035","brand_name": "Adiuretin"}, {"drug_id": "DB00035","brand_name": "Concentraid"}, {"drug_id": "DB00035","brand_name": "DDAVP"}, {"drug_id": "DB00035","brand_name": "Minirin"}, {"drug_id": "DB00035","brand_name": "Stimate"}, {"drug_id": "DB00036","brand_name": "NovoSeven (Novo Nordisk)"}, {"drug_id": "DB00038","brand_name": "Neumega"}, {"drug_id": "DB00038","brand_name": "Neumega (Genetics Institute In"}, {"drug_id": "DB00039","brand_name": "Kepivance (Amgen Inc)"}, {"drug_id": "DB00040","brand_name": "GlucaGen (Novo Nordisk)"}, {"drug_id": "DB00040","brand_name": "Glucagon (Eli Lilly)"}, {"drug_id": "DB00041","brand_name": "Proleukin"}, {"drug_id": "DB00041","brand_name": "Proleukin (Chiron Corp)"}, {"drug_id": "DB00042","brand_name": "Myobloc (Solstice Neuroscience"}, {"drug_id": "DB00042","brand_name": "Neurobloc (Solstice Neuroscien"}, {"drug_id": "DB00043","brand_name": "Xolair (Genentech Inc)"}, {"drug_id": "DB00044","brand_name": "Luveris (Serono)"}, {"drug_id": "DB00045","brand_name": "LYMErix (SmithKline Beecham)"}, {"drug_id": "DB00046","brand_name": "Humalog"}, {"drug_id": "DB00046","brand_name": "Humalog KwikPen "}, {"drug_id": "DB00046","brand_name": "Humalog Pen "}, {"drug_id": "DB00047","brand_name": "Lantus"}, {"drug_id": "DB00047","brand_name": "Lantus OptiSet "}, {"drug_id": "DB00047","brand_name": "Lantus SoloStar"}, {"drug_id": "DB00048","brand_name": "Cordase"}, {"drug_id": "DB00048","brand_name": "Santyl (Advance Biofactures Co"}, {"drug_id": "DB00048","brand_name": "Xiaflextm"}, {"drug_id": "DB00049","brand_name": "Elitek"}, {"drug_id": "DB00049","brand_name": "Elitek (Sanofi-Synthelabo Inc)"}, {"drug_id": "DB00049","brand_name": "Fasturtec"}, {"drug_id": "DB00050","brand_name": "Cetrotide"}, {"drug_id": "DB00051","brand_name": "Humira"}, {"drug_id": "DB00051","brand_name": "Humira (Abbott Laboratories)"}, {"drug_id": "DB00051","brand_name": "Humira Pen"}, {"drug_id": "DB00052","brand_name": "BioTropin (Biotech General)"}, {"drug_id": "DB00052","brand_name": "Genotropin (Pfizer)"}, {"drug_id": "DB00052","brand_name": "Humatrope (Eli Lilly)"}, {"drug_id": "DB00052","brand_name": "Norditropin (Novo Nordisk)"}, {"drug_id": "DB00052","brand_name": "Nutropin (Genentech Inc.)"}, {"drug_id": "DB00052","brand_name": "NutropinAQ (Genentech Inc.)"}, {"drug_id": "DB00052","brand_name": "Protropin (Genentech Inc.)"}, {"drug_id": "DB00052","brand_name": "Saizen (Serono SA)"}, {"drug_id": "DB00052","brand_name": "Serostim"}, {"drug_id": "DB00052","brand_name": "Serostim (Serono SA)"}, {"drug_id": "DB00052","brand_name": "Tev-Tropin (GATE)"}, {"drug_id": "DB00053","brand_name": "Cerezyme"}, {"drug_id": "DB00054","brand_name": "ReoPro"}, {"drug_id": "DB00055","brand_name": "Xigris"}, {"drug_id": "DB00055","brand_name": "Xigris (Eli Lilly & Co)"}, {"drug_id": "DB00056","brand_name": "Mylotarg"}, {"drug_id": "DB00056","brand_name": "Mylotarg (Wyeth)"}, {"drug_id": "DB00057","brand_name": "OncoScint "}, {"drug_id": "DB00058","brand_name": "Aralast (Baxter)"}, {"drug_id": "DB00058","brand_name": "Prolastin (Talecris Biotherape"}, {"drug_id": "DB00059","brand_name": "Oncaspar (Enzon Inc)"}, {"drug_id": "DB00060","brand_name": "Avonex"}, {"drug_id": "DB00060","brand_name": "Avonex (Biogen Inc)"}, {"drug_id": "DB00061","brand_name": "Adagen (Enzon Inc.)"}, {"drug_id": "DB00062","brand_name": "Albutein (Alpha Therapeutic Co"}, {"drug_id": "DB00063","brand_name": "Integrilin "}, {"drug_id": "DB00063","brand_name": "Integrilin "}, {"drug_id": "DB00064","brand_name": "Megatope (IsoTex Diagnostics)"}, {"drug_id": "DB00065","brand_name": "Remicade"}, {"drug_id": "DB00066","brand_name": "Follistim (Organon)"}, {"drug_id": "DB00066","brand_name": "Gonal F"}, {"drug_id": "DB00066","brand_name": "Gonal-F"}, {"drug_id": "DB00067","brand_name": "Pitressin"}, {"drug_id": "DB00067","brand_name": "Pressyn"}, {"drug_id": "DB00068","brand_name": "Betaseron"}, {"drug_id": "DB00068","brand_name": "Betaseron (Chiron Corp)"}, {"drug_id": "DB00069","brand_name": "Advaferon"}, {"drug_id": "DB00069","brand_name": "Infergen"}, {"drug_id": "DB00070","brand_name": "Vitragan"}, {"drug_id": "DB00070","brand_name": "Vitrase"}, {"drug_id": "DB00071","brand_name": "Iletin II"}, {"drug_id": "DB00072","brand_name": "Herceptin"}, {"drug_id": "DB00073","brand_name": "MabThera"}, {"drug_id": "DB00073","brand_name": "Rituxan"}, {"drug_id": "DB00074","brand_name": "Simulect (Novartis Pharmaceuti"}, {"drug_id": "DB00075","brand_name": "Orthoclone OKT3 (Ortho Biotech"}, {"drug_id": "DB00076","brand_name": "DigiFab"}, {"drug_id": "DB00078","brand_name": "Zevalin (IDEC Pharmaceuticals)"}, {"drug_id": "DB00080","brand_name": "Cubicin"}, {"drug_id": "DB00081","brand_name": "Bexxar (Corixa Corp)"}, {"drug_id": "DB00082","brand_name": "Somavert (Pfizer Inc)"}, {"drug_id": "DB00083","brand_name": "Botox"}, {"drug_id": "DB00083","brand_name": "BOTOX (Allegran Inc)"}, {"drug_id": "DB00083","brand_name": "BOTOX Cosmetic (Allegran Inc)"}, {"drug_id": "DB00083","brand_name": "Dysport"}, {"drug_id": "DB00085","brand_name": "Cotazym (Organon)"}, {"drug_id": "DB00085","brand_name": "Creon"}, {"drug_id": "DB00085","brand_name": "Ku-Zyme (Koichi)"}, {"drug_id": "DB00085","brand_name": "Pancrease (Ortho-McNeil)"}, {"drug_id": "DB00085","brand_name": "Ultrase (Axcan Scandipharm)"}, {"drug_id": "DB00085","brand_name": "Ultresa (delayed-release enter"}, {"drug_id": "DB00085","brand_name": "Viokace (tablets)"}, {"drug_id": "DB00085","brand_name": "Zymase (Organon)"}, {"drug_id": "DB00086","brand_name": "Streptase	(Aventis Behringer G"}, {"drug_id": "DB00087","brand_name": "Campath"}, {"drug_id": "DB00087","brand_name": "Campath (ILEX Pharmaceuticals "}, {"drug_id": "DB00087","brand_name": "MabCampath"}, {"drug_id": "DB00088","brand_name": "Ceredase"}, {"drug_id": "DB00089","brand_name": "ProstaScint"}, {"drug_id": "DB00090","brand_name": "Aldurazyme "}, {"drug_id": "DB00091","brand_name": "Gengraf"}, {"drug_id": "DB00091","brand_name": "Neoral "}, {"drug_id": "DB00091","brand_name": "Restasis "}, {"drug_id": "DB00091","brand_name": "Sandimmune "}, {"drug_id": "DB00091","brand_name": "Sangcya"}, {"drug_id": "DB00092","brand_name": "Amevive"}, {"drug_id": "DB00093","brand_name": "Felipresina [INN-Spanish]"}, {"drug_id": "DB00093","brand_name": "Felipressina [DCIT]"}, {"drug_id": "DB00093","brand_name": "Felypressin [USAN:BAN:INN]"}, {"drug_id": "DB00093","brand_name": "Felypressine [INN-French]"}, {"drug_id": "DB00093","brand_name": "Felypressinum [INN-Latin]"}, {"drug_id": "DB00093","brand_name": "Octapressin"}, {"drug_id": "DB00094","brand_name": "Fertinex"}, {"drug_id": "DB00095","brand_name": "Raptiva"}, {"drug_id": "DB00095","brand_name": "Raptiva (Genentech Inc)"}, {"drug_id": "DB00096","brand_name": "Optison"}, {"drug_id": "DB00096","brand_name": "Perflutren Protein-Type A Micr"}, {"drug_id": "DB00097","brand_name": "Novarel"}, {"drug_id": "DB00097","brand_name": "Ovidrel"}, {"drug_id": "DB00097","brand_name": "Pregnyl"}, {"drug_id": "DB00097","brand_name": "Profasi"}, {"drug_id": "DB00098","brand_name": "ATG-Fresenius"}, {"drug_id": "DB00098","brand_name": "ATG-Fresenius S"}, {"drug_id": "DB00098","brand_name": "Genzyme"}, {"drug_id": "DB00098","brand_name": "Thymoglobulin SangStat Medical"}, {"drug_id": "DB00099","brand_name": "Biocilin"}, {"drug_id": "DB00099","brand_name": "Biofigran"}, {"drug_id": "DB00099","brand_name": "Biofilgran"}, {"drug_id": "DB00099","brand_name": "Endufil"}, {"drug_id": "DB00099","brand_name": "Filatil"}, {"drug_id": "DB00099","brand_name": "Filgen"}, {"drug_id": "DB00099","brand_name": "Gran"}, {"drug_id": "DB00099","brand_name": "Granulokine"}, {"drug_id": "DB00099","brand_name": "Grimatin"}, {"drug_id": "DB00099","brand_name": "Inmunef"}, {"drug_id": "DB00099","brand_name": "Jiexin"}, {"drug_id": "DB00099","brand_name": "Leucogen"}, {"drug_id": "DB00099","brand_name": "Leucostim"}, {"drug_id": "DB00099","brand_name": "Macroleuco"}, {"drug_id": "DB00099","brand_name": "Neukine"}, {"drug_id": "DB00099","brand_name": "Neupogen"}, {"drug_id": "DB00099","brand_name": "Neutromax"}, {"drug_id": "DB00099","brand_name": "Neutroval "}, {"drug_id": "DB00099","brand_name": "Nivestim"}, {"drug_id": "DB00099","brand_name": "Recombicyte"}, {"drug_id": "DB00099","brand_name": "SciLocyte"}, {"drug_id": "DB00099","brand_name": "Tevagastrim"}, {"drug_id": "DB00099","brand_name": "White-C "}, {"drug_id": "DB00099","brand_name": "Zarzio"}, {"drug_id": "DB00100","brand_name": "Benefix (Genetics Institute)"}, {"drug_id": "DB00102","brand_name": "Regranex"}, {"drug_id": "DB00102","brand_name": "Regranex (OMJ Pharmaceuticals)"}, {"drug_id": "DB00103","brand_name": "Fabrazyme	(Genzyme Corp)"}, {"drug_id": "DB00103","brand_name": "Fabrazyme"}, {"drug_id": "DB00103","brand_name": "Replagal"}, {"drug_id": "DB00104","brand_name": "Atrigel"}, {"drug_id": "DB00104","brand_name": "Longastatin"}, {"drug_id": "DB00104","brand_name": "Sandostatin"}, {"drug_id": "DB00104","brand_name": "Sandostatin LAR"}, {"drug_id": "DB00105","brand_name": "Intron A (Schering Corp)"}, {"drug_id": "DB00106","brand_name": "Plenaxis"}, {"drug_id": "DB00107","brand_name": "Oxytocin (BAM Biotech)"}, {"drug_id": "DB00107","brand_name": "Pitocin (Parke-Davis)"}, {"drug_id": "DB00107","brand_name": "Syntocinon (Sandoz)"}, {"drug_id": "DB00108","brand_name": "Tysabri"}, {"drug_id": "DB00109","brand_name": "Fuzeon"}, {"drug_id": "DB00109","brand_name": "Fuzeon (Roche Pharmaceuticals)"}, {"drug_id": "DB00110","brand_name": "Synagis"}, {"drug_id": "DB00111","brand_name": "Zenapax (Hoffmann-La Roche Inc"}, {"drug_id": "DB00112","brand_name": "Avastin"}, {"drug_id": "DB00112","brand_name": "Avastin (Genentech Inc)"}, {"drug_id": "DB00113","brand_name": "CEA-Scan"}, {"drug_id": "DB00114","brand_name": "Biosechs"}, {"drug_id": "DB00114","brand_name": "Hairoxal"}, {"drug_id": "DB00114","brand_name": "Hiadelon"}, {"drug_id": "DB00114","brand_name": "Himitan"}, {"drug_id": "DB00114","brand_name": "Pidopidon"}, {"drug_id": "DB00114","brand_name": "Vitazechs"}, {"drug_id": "DB00115","brand_name": "Bedoz"}, {"drug_id": "DB00115","brand_name": "Berocca PN"}, {"drug_id": "DB00115","brand_name": "Berubigen"}, {"drug_id": "DB00115","brand_name": "Cobex"}, {"drug_id": "DB00115","brand_name": "Cobolin-M"}, {"drug_id": "DB00115","brand_name": "Crystamine"}, {"drug_id": "DB00115","brand_name": "Cyanoject"}, {"drug_id": "DB00115","brand_name": "Cyomin"}, {"drug_id": "DB00115","brand_name": "Depinar"}, {"drug_id": "DB00115","brand_name": "Neuroforte-R"}, {"drug_id": "DB00115","brand_name": "Primabalt"}, {"drug_id": "DB00115","brand_name": "Rubivite"}, {"drug_id": "DB00115","brand_name": "Rubramin PC"}, {"drug_id": "DB00115","brand_name": "Ruvite"}, {"drug_id": "DB00115","brand_name": "Shovite"}, {"drug_id": "DB00115","brand_name": "Vibal"}, {"drug_id": "DB00115","brand_name": "Vitabee 12"}, {"drug_id": "DB00118","brand_name": "Sam-Sulfate"}, {"drug_id": "DB00118","brand_name": "SAMe Rx-Mood"}, {"drug_id": "DB00121","brand_name": "Biodermatin"}, {"drug_id": "DB00121","brand_name": "Bioepiderm"}, {"drug_id": "DB00121","brand_name": "Bios II"}, {"drug_id": "DB00121","brand_name": "Biotin Forte"}, {"drug_id": "DB00121","brand_name": "Factor S"}, {"drug_id": "DB00121","brand_name": "Lutavit H2"}, {"drug_id": "DB00121","brand_name": "Meribin"}, {"drug_id": "DB00121","brand_name": "Rovimix H2"}, {"drug_id": "DB00123","brand_name": "Enisyl"}, {"drug_id": "DB00125","brand_name": "Argamine"}, {"drug_id": "DB00125","brand_name": "Argivene"}, {"drug_id": "DB00125","brand_name": "Detoxargin"}, {"drug_id": "DB00125","brand_name": "Levargin"}, {"drug_id": "DB00125","brand_name": "Minophagen A"}, {"drug_id": "DB00125","brand_name": "R-Gene 10"}, {"drug_id": "DB00126","brand_name": "Adenex"}, {"drug_id": "DB00126","brand_name": "Allercorb"}, {"drug_id": "DB00126","brand_name": "Antiscorbic Vitamin"}, {"drug_id": "DB00126","brand_name": "Antiscorbutic Vitamin"}, {"drug_id": "DB00126","brand_name": "Arco-Cee"}, {"drug_id": "DB00126","brand_name": "Ascoltin"}, {"drug_id": "DB00126","brand_name": "Ascor-B.I.D."}, {"drug_id": "DB00126","brand_name": "Ascorb"}, {"drug_id": "DB00126","brand_name": "Ascorbajen"}, {"drug_id": "DB00126","brand_name": "Ascorbicab"}, {"drug_id": "DB00126","brand_name": "Ascorbicap"}, {"drug_id": "DB00126","brand_name": "Ascorbicin"}, {"drug_id": "DB00126","brand_name": "Ascorbin"}, {"drug_id": "DB00126","brand_name": "Ascorbutina"}, {"drug_id": "DB00126","brand_name": "Ascorin"}, {"drug_id": "DB00126","brand_name": "Ascorteal"}, {"drug_id": "DB00126","brand_name": "Ascorvit"}, {"drug_id": "DB00126","brand_name": "C-Level"}, {"drug_id": "DB00126","brand_name": "C-Long"}, {"drug_id": "DB00126","brand_name": "C-Quin"}, {"drug_id": "DB00126","brand_name": "C-Span"}, {"drug_id": "DB00126","brand_name": "C-Vimin"}, {"drug_id": "DB00126","brand_name": "Cantan"}, {"drug_id": "DB00126","brand_name": "Cantaxin"}, {"drug_id": "DB00126","brand_name": "Catavin C"}, {"drug_id": "DB00126","brand_name": "Ce Lent"}, {"drug_id": "DB00126","brand_name": "Cebicure"}, {"drug_id": "DB00126","brand_name": "Cebid"}, {"drug_id": "DB00126","brand_name": "Cebion"}, {"drug_id": "DB00126","brand_name": "Cebione"}, {"drug_id": "DB00126","brand_name": "Cecon"}, {"drug_id": "DB00126","brand_name": "Cee-Caps Td"}, {"drug_id": "DB00126","brand_name": "Cee-Vite"}, {"drug_id": "DB00126","brand_name": "Cegiolan"}, {"drug_id": "DB00126","brand_name": "Ceglion"}, {"drug_id": "DB00126","brand_name": "Celaskon"}, {"drug_id": "DB00126","brand_name": "Celin"}, {"drug_id": "DB00126","brand_name": "Cemagyl"}, {"drug_id": "DB00126","brand_name": "Cemill"}, {"drug_id": "DB00126","brand_name": "Cenetone"}, {"drug_id": "DB00126","brand_name": "Cenolate"}, {"drug_id": "DB00126","brand_name": "Cereon"}, {"drug_id": "DB00126","brand_name": "Cergona"}, {"drug_id": "DB00126","brand_name": "Cescorbat"}, {"drug_id": "DB00126","brand_name": "Cetamid"}, {"drug_id": "DB00126","brand_name": "Cetane"}, {"drug_id": "DB00126","brand_name": "Cetane-Caps Tc"}, {"drug_id": "DB00126","brand_name": "Cetane-Caps Td"}, {"drug_id": "DB00126","brand_name": "Cetebe"}, {"drug_id": "DB00126","brand_name": "Cetemican"}, {"drug_id": "DB00126","brand_name": "Cevalin"}, {"drug_id": "DB00126","brand_name": "Cevatine"}, {"drug_id": "DB00126","brand_name": "Cevex"}, {"drug_id": "DB00126","brand_name": "Cevi-Bid"}, {"drug_id": "DB00126","brand_name": "Cevimin"}, {"drug_id": "DB00126","brand_name": "Cevital"}, {"drug_id": "DB00126","brand_name": "Cevitamic Acid"}, {"drug_id": "DB00126","brand_name": "Cevitamin"}, {"drug_id": "DB00126","brand_name": "Cevitan"}, {"drug_id": "DB00126","brand_name": "Cevitex"}, {"drug_id": "DB00126","brand_name": "Cewin"}, {"drug_id": "DB00126","brand_name": "Ciamin"}, {"drug_id": "DB00126","brand_name": "Cipca"}, {"drug_id": "DB00126","brand_name": "Citriscorb"}, {"drug_id": "DB00126","brand_name": "Colascor"}, {"drug_id": "DB00126","brand_name": "Concemin"}, {"drug_id": "DB00126","brand_name": "Davitamon C"}, {"drug_id": "DB00126","brand_name": "Duoscorb"}, {"drug_id": "DB00126","brand_name": "Hicee"}, {"drug_id": "DB00126","brand_name": "Hybrin"}, {"drug_id": "DB00126","brand_name": "IDO-C"}, {"drug_id": "DB00126","brand_name": "Kyselina Askorbova"}, {"drug_id": "DB00126","brand_name": "Laroscorbine"}, {"drug_id": "DB00126","brand_name": "Lemascorb"}, {"drug_id": "DB00126","brand_name": "Liqui-Cee"}, {"drug_id": "DB00126","brand_name": "Meri-C"}, {"drug_id": "DB00126","brand_name": "Natrascorb"}, {"drug_id": "DB00126","brand_name": "Planavit C"}, {"drug_id": "DB00126","brand_name": "Proscorbin"}, {"drug_id": "DB00126","brand_name": "Redoxon"}, {"drug_id": "DB00126","brand_name": "Ribena"}, {"drug_id": "DB00126","brand_name": "Roscorbic"}, {"drug_id": "DB00126","brand_name": "Scorbacid"}, {"drug_id": "DB00126","brand_name": "Scorbu-C"}, {"drug_id": "DB00126","brand_name": "Secorbate"}, {"drug_id": "DB00126","brand_name": "Sodascorbate"}, {"drug_id": "DB00126","brand_name": "Testascorbic"}, {"drug_id": "DB00126","brand_name": "Vicelat"}, {"drug_id": "DB00126","brand_name": "Vicin"}, {"drug_id": "DB00126","brand_name": "Vicomin C"}, {"drug_id": "DB00126","brand_name": "Viforcit"}, {"drug_id": "DB00126","brand_name": "Viscorin"}, {"drug_id": "DB00126","brand_name": "Vitace"}, {"drug_id": "DB00126","brand_name": "Vitacee"}, {"drug_id": "DB00126","brand_name": "Vitacimin"}, {"drug_id": "DB00126","brand_name": "Vitacin"}, {"drug_id": "DB00126","brand_name": "Vitamisin"}, {"drug_id": "DB00126","brand_name": "Vitascorbol"}, {"drug_id": "DB00126","brand_name": "Xitix"}, {"drug_id": "DB00127","brand_name": "Gerontine"}, {"drug_id": "DB00127","brand_name": "Musculamine"}, {"drug_id": "DB00127","brand_name": "Neuridine"}, {"drug_id": "DB00128","brand_name": "Aspatofort"}, {"drug_id": "DB00129","brand_name": "OKG"}, {"drug_id": "DB00130","brand_name": "Cebrogen"}, {"drug_id": "DB00130","brand_name": "Earthlink Science Glutamine Ch"}, {"drug_id": "DB00130","brand_name": "Glavamin"}, {"drug_id": "DB00130","brand_name": "Glutamine Express"}, {"drug_id": "DB00130","brand_name": "Glutamine Fuel Mega"}, {"drug_id": "DB00130","brand_name": "Glutamine Fuel Powder "}, {"drug_id": "DB00130","brand_name": "L-Glutamine Power"}, {"drug_id": "DB00130","brand_name": "Saforis"}, {"drug_id": "DB00130","brand_name": "Stimulina"}, {"drug_id": "DB00131","brand_name": "Adenovite"}, {"drug_id": "DB00131","brand_name": "Cardiomone"}, {"drug_id": "DB00131","brand_name": "Lycedan"}, {"drug_id": "DB00131","brand_name": "My-B-Den"}, {"drug_id": "DB00131","brand_name": "Phosaden"}, {"drug_id": "DB00131","brand_name": "Phosphaden"}, {"drug_id": "DB00134","brand_name": "Acimethin"}, {"drug_id": "DB00134","brand_name": "Cymethion"}, {"drug_id": "DB00135","brand_name": "Rxosine"}, {"drug_id": "DB00135","brand_name": "Tyrosine"}, {"drug_id": "DB00135","brand_name": "Tyrosine Power"}, {"drug_id": "DB00136","brand_name": "Calcijex"}, {"drug_id": "DB00136","brand_name": "Calcitriol Oral Solution"}, {"drug_id": "DB00136","brand_name": "Decostriol"}, {"drug_id": "DB00136","brand_name": "Rocaltrol"}, {"drug_id": "DB00137","brand_name": "Bo-Xan"}, {"drug_id": "DB00139","brand_name": "Katasuccin"}, {"drug_id": "DB00139","brand_name": "Kyselina jantarova"}, {"drug_id": "DB00140","brand_name": "Aqua-Flave"}, {"drug_id": "DB00140","brand_name": "Beflavin"}, {"drug_id": "DB00140","brand_name": "Beflavine"}, {"drug_id": "DB00140","brand_name": "Bisulase"}, {"drug_id": "DB00140","brand_name": "Dermadram"}, {"drug_id": "DB00140","brand_name": "Fiboflavin"}, {"drug_id": "DB00140","brand_name": "Flavaxin"}, {"drug_id": "DB00140","brand_name": "Flavin Bb"}, {"drug_id": "DB00140","brand_name": "Flaxain"}, {"drug_id": "DB00140","brand_name": "HSDB 817"}, {"drug_id": "DB00140","brand_name": "Hyflavin"}, {"drug_id": "DB00140","brand_name": "Hyre"}, {"drug_id": "DB00140","brand_name": "Lactobene"}, {"drug_id": "DB00140","brand_name": "Ovoflavin"}, {"drug_id": "DB00140","brand_name": "Ribipca"}, {"drug_id": "DB00140","brand_name": "Ribocrisina"}, {"drug_id": "DB00140","brand_name": "Riboderm"}, {"drug_id": "DB00140","brand_name": "Ribosyn"}, {"drug_id": "DB00140","brand_name": "Ribotone"}, {"drug_id": "DB00140","brand_name": "Ribovel"}, {"drug_id": "DB00140","brand_name": "Vitaflavine"}, {"drug_id": "DB00140","brand_name": "Vitasan B2"}, {"drug_id": "DB00141","brand_name": "Aflexa"}, {"drug_id": "DB00141","brand_name": "GS-500"}, {"drug_id": "DB00141","brand_name": "Maxi GS"}, {"drug_id": "DB00141","brand_name": "Natures Blend Glucosamine"}, {"drug_id": "DB00142","brand_name": "Aciglut"}, {"drug_id": "DB00142","brand_name": "Glusate"}, {"drug_id": "DB00142","brand_name": "Glutacid"}, {"drug_id": "DB00142","brand_name": "Glutamicol"}, {"drug_id": "DB00142","brand_name": "Glutamidex"}, {"drug_id": "DB00142","brand_name": "Glutaminol"}, {"drug_id": "DB00142","brand_name": "Glutaton"}, {"drug_id": "DB00143","brand_name": "Copren"}, {"drug_id": "DB00143","brand_name": "Isethion"}, {"drug_id": "DB00143","brand_name": "Ledac"}, {"drug_id": "DB00143","brand_name": "Neuthion"}, {"drug_id": "DB00143","brand_name": "Tathion"}, {"drug_id": "DB00144","brand_name": "LifeExtension PS Caps"}, {"drug_id": "DB00145","brand_name": "Aciport"}, {"drug_id": "DB00145","brand_name": "Glicoamin"}, {"drug_id": "DB00145","brand_name": "Glycocoll"}, {"drug_id": "DB00145","brand_name": "Glycolixir"}, {"drug_id": "DB00145","brand_name": "Glycosthene"}, {"drug_id": "DB00145","brand_name": "Gyn-Hydralin"}, {"drug_id": "DB00145","brand_name": "Padil"}, {"drug_id": "DB00146","brand_name": "Calderol"}, {"drug_id": "DB00146","brand_name": "Delakmin"}, {"drug_id": "DB00148","brand_name": "Cosmocair C 100"}, {"drug_id": "DB00148","brand_name": "Creatin"}, {"drug_id": "DB00148","brand_name": "Kreatin"}, {"drug_id": "DB00148","brand_name": "Krebiozon"}, {"drug_id": "DB00148","brand_name": "Phosphagen"}, {"drug_id": "DB00148","brand_name": "Pyrolysate"}, {"drug_id": "DB00150","brand_name": "Alti-Tryptophan"}, {"drug_id": "DB00150","brand_name": "Lyphan"}, {"drug_id": "DB00152","brand_name": "Aneurin"}, {"drug_id": "DB00152","brand_name": "Antiberiberi Factor"}, {"drug_id": "DB00152","brand_name": "Betalin S"}, {"drug_id": "DB00152","brand_name": "Betaxin"}, {"drug_id": "DB00152","brand_name": "Bewon"}, {"drug_id": "DB00152","brand_name": "Biamine"}, {"drug_id": "DB00152","brand_name": "Vitaneuron"}, {"drug_id": "DB00153","brand_name": "Buco-D"}, {"drug_id": "DB00153","brand_name": "Calciferol"}, {"drug_id": "DB00153","brand_name": "Calciferon 2"}, {"drug_id": "DB00153","brand_name": "Condacaps"}, {"drug_id": "DB00153","brand_name": "Condocaps"}, {"drug_id": "DB00153","brand_name": "Condol"}, {"drug_id": "DB00153","brand_name": "Crtron"}, {"drug_id": "DB00153","brand_name": "Crystallina"}, {"drug_id": "DB00153","brand_name": "D-Arthin"}, {"drug_id": "DB00153","brand_name": "D-Tracetten"}, {"drug_id": "DB00153","brand_name": "Daral"}, {"drug_id": "DB00153","brand_name": "Davitamon D"}, {"drug_id": "DB00153","brand_name": "Davitin"}, {"drug_id": "DB00153","brand_name": "De-Rat Concentrate"}, {"drug_id": "DB00153","brand_name": "Decaps"}, {"drug_id": "DB00153","brand_name": "Dee-Osterol"}, {"drug_id": "DB00153","brand_name": "Dee-Ron"}, {"drug_id": "DB00153","brand_name": "Dee-Ronal"}, {"drug_id": "DB00153","brand_name": "Dee-Roual"}, {"drug_id": "DB00153","brand_name": "Deltalin"}, {"drug_id": "DB00153","brand_name": "Deratol"}, {"drug_id": "DB00153","brand_name": "Detalup"}, {"drug_id": "DB00153","brand_name": "Diactol"}, {"drug_id": "DB00153","brand_name": "Divit Urto"}, {"drug_id": "DB00153","brand_name": "Drisdol"}, {"drug_id": "DB00153","brand_name": "Ercalciol"}, {"drug_id": "DB00153","brand_name": "Ergorone"}, {"drug_id": "DB00153","brand_name": "Ergosterol Activated"}, {"drug_id": "DB00153","brand_name": "Ergosterol, Irradiated"}, {"drug_id": "DB00153","brand_name": "Ertron"}, {"drug_id": "DB00153","brand_name": "Fortodyl"}, {"drug_id": "DB00153","brand_name": "Geltabs"}, {"drug_id": "DB00153","brand_name": "Hi-Deratol"}, {"drug_id": "DB00153","brand_name": "Infron"}, {"drug_id": "DB00153","brand_name": "Metadee"}, {"drug_id": "DB00153","brand_name": "Mulsiferol"}, {"drug_id": "DB00153","brand_name": "Mykostin"}, {"drug_id": "DB00153","brand_name": "Novovitamin-D"}, {"drug_id": "DB00153","brand_name": "Oleovitamin D"}, {"drug_id": "DB00153","brand_name": "Oleovitamin D, Synthetic"}, {"drug_id": "DB00153","brand_name": "Oleovitamin D2"}, {"drug_id": "DB00153","brand_name": "Ostelin"}, {"drug_id": "DB00153","brand_name": "Radiostol"}, {"drug_id": "DB00153","brand_name": "Radstein"}, {"drug_id": "DB00153","brand_name": "Radsterin"}, {"drug_id": "DB00153","brand_name": "Rodine C"}, {"drug_id": "DB00153","brand_name": "Shock-Ferol"}, {"drug_id": "DB00153","brand_name": "Shock-Ferol Sterogyl"}, {"drug_id": "DB00153","brand_name": "Sterogyl"}, {"drug_id": "DB00153","brand_name": "Uvesterol-D"}, {"drug_id": "DB00153","brand_name": "Vio-D"}, {"drug_id": "DB00153","brand_name": "Viostdrol"}, {"drug_id": "DB00153","brand_name": "Viosterol"}, {"drug_id": "DB00153","brand_name": "Viosterol in Oil"}, {"drug_id": "DB00153","brand_name": "Vitavel-D"}, {"drug_id": "DB00154","brand_name": "Star GLA (GNC)"}, {"drug_id": "DB00154","brand_name": "Tona-lean 1000 CLA (Action Lab"}, {"drug_id": "DB00157","brand_name": "Nadide"}, {"drug_id": "DB00158","brand_name": "Acifolic"}, {"drug_id": "DB00158","brand_name": "Apo-Folic"}, {"drug_id": "DB00158","brand_name": "Cytofol"}, {"drug_id": "DB00158","brand_name": "Dosfolat B activ"}, {"drug_id": "DB00158","brand_name": "Folacid"}, {"drug_id": "DB00158","brand_name": "Folacin"}, {"drug_id": "DB00158","brand_name": "Folbal"}, {"drug_id": "DB00158","brand_name": "Folcidin"}, {"drug_id": "DB00158","brand_name": "Foldine"}, {"drug_id": "DB00158","brand_name": "Folettes"}, {"drug_id": "DB00158","brand_name": "Foliamin"}, {"drug_id": "DB00158","brand_name": "Folicet"}, {"drug_id": "DB00158","brand_name": "Folipac"}, {"drug_id": "DB00158","brand_name": "Folsan"}, {"drug_id": "DB00158","brand_name": "Folsaure"}, {"drug_id": "DB00158","brand_name": "Folsav"}, {"drug_id": "DB00158","brand_name": "Folvite"}, {"drug_id": "DB00158","brand_name": "Folvron"}, {"drug_id": "DB00158","brand_name": "Incafolic"}, {"drug_id": "DB00158","brand_name": "Millafol"}, {"drug_id": "DB00162","brand_name": "A-Mulsal"}, {"drug_id": "DB00162","brand_name": "A-Sol"}, {"drug_id": "DB00162","brand_name": "A-Vi-Pel"}, {"drug_id": "DB00162","brand_name": "A-Vitan"}, {"drug_id": "DB00162","brand_name": "Acon"}, {"drug_id": "DB00162","brand_name": "Afaxin"}, {"drug_id": "DB00162","brand_name": "Agiolan"}, {"drug_id": "DB00162","brand_name": "Agoncal"}, {"drug_id": "DB00162","brand_name": "Alcovit A"}, {"drug_id": "DB00162","brand_name": "alin"}, {"drug_id": "DB00162","brand_name": "Alphalin"}, {"drug_id": "DB00162","brand_name": "Alphasterol"}, {"drug_id": "DB00162","brand_name": "Anatola"}, {"drug_id": "DB00162","brand_name": "Anatola A"}, {"drug_id": "DB00162","brand_name": "Anti-Infective vitamin"}, {"drug_id": "DB00162","brand_name": "Antixerophthalmic vitamin"}, {"drug_id": "DB00162","brand_name": "Aoral"}, {"drug_id": "DB00162","brand_name": "Apexol"}, {"drug_id": "DB00162","brand_name": "Apostavit"}, {"drug_id": "DB00162","brand_name": "Aquasol A Parenteral"}, {"drug_id": "DB00162","brand_name": "Aquasynth"}, {"drug_id": "DB00162","brand_name": "asterol"}, {"drug_id": "DB00162","brand_name": "Atars"}, {"drug_id": "DB00162","brand_name": "Atav"}, {"drug_id": "DB00162","brand_name": "Avibon"}, {"drug_id": "DB00162","brand_name": "Avita"}, {"drug_id": "DB00162","brand_name": "Avitol"}, {"drug_id": "DB00162","brand_name": "Axerol"}, {"drug_id": "DB00162","brand_name": "Axerophthol"}, {"drug_id": "DB00162","brand_name": "Bentavit A"}, {"drug_id": "DB00162","brand_name": "Biosterol"}, {"drug_id": "DB00162","brand_name": "Chocola A"}, {"drug_id": "DB00162","brand_name": "Cylasphere"}, {"drug_id": "DB00162","brand_name": "Del-VI-A"}, {"drug_id": "DB00162","brand_name": "Disatabs Tabs"}, {"drug_id": "DB00162","brand_name": "Dofsol"}, {"drug_id": "DB00162","brand_name": "Dohyfral A"}, {"drug_id": "DB00162","brand_name": "Epiteliol"}, {"drug_id": "DB00162","brand_name": "Hi-A-Vita"}, {"drug_id": "DB00162","brand_name": "Homagenets Aoral"}, {"drug_id": "DB00162","brand_name": "Homagenets aorl"}, {"drug_id": "DB00162","brand_name": "Lard Factor"}, {"drug_id": "DB00162","brand_name": "Mvc Plus"}, {"drug_id": "DB00162","brand_name": "Myvpack"}, {"drug_id": "DB00162","brand_name": "Nio-A-Let"}, {"drug_id": "DB00162","brand_name": "Oleovitamin A"}, {"drug_id": "DB00162","brand_name": "Ophthalamin"}, {"drug_id": "DB00162","brand_name": "Plivit A"}, {"drug_id": "DB00162","brand_name": "Prepalin"}, {"drug_id": "DB00162","brand_name": "Retrovitamin A"}, {"drug_id": "DB00162","brand_name": "Ro-a-vit"}, {"drug_id": "DB00162","brand_name": "Sehkraft A"}, {"drug_id": "DB00162","brand_name": "Solu-A"}, {"drug_id": "DB00162","brand_name": "Super A"}, {"drug_id": "DB00162","brand_name": "Testavol"}, {"drug_id": "DB00162","brand_name": "Testavol S"}, {"drug_id": "DB00162","brand_name": "Thalasphere"}, {"drug_id": "DB00162","brand_name": "tROL"}, {"drug_id": "DB00162","brand_name": "Vaflol"}, {"drug_id": "DB00162","brand_name": "Vafol"}, {"drug_id": "DB00162","brand_name": "Veroftal"}, {"drug_id": "DB00162","brand_name": "Vi-a"}, {"drug_id": "DB00162","brand_name": "Vi-Alpha"}, {"drug_id": "DB00162","brand_name": "Vi-Dom-A"}, {"drug_id": "DB00162","brand_name": "Vio-A"}, {"drug_id": "DB00162","brand_name": "Vitavel A"}, {"drug_id": "DB00162","brand_name": "Vitpex"}, {"drug_id": "DB00162","brand_name": "Vogan"}, {"drug_id": "DB00162","brand_name": "Vogan-Neu"}, {"drug_id": "DB00162","brand_name": "Vogan-nu"}, {"drug_id": "DB00162","brand_name": "Zineb"}, {"drug_id": "DB00162","brand_name": "Zinosan N"}, {"drug_id": "DB00163","brand_name": "Amino-Opti-E"}, {"drug_id": "DB00163","brand_name": "Aquasol E"}, {"drug_id": "DB00163","brand_name": "Daltose"}, {"drug_id": "DB00163","brand_name": "E-200 I.U. Softgels"}, {"drug_id": "DB00163","brand_name": "E-Complex-600"}, {"drug_id": "DB00163","brand_name": "E-Ferol"}, {"drug_id": "DB00163","brand_name": "E-Vitamin succinate"}, {"drug_id": "DB00163","brand_name": "Gordo-Vite E"}, {"drug_id": "DB00163","brand_name": "Vitamin Plus E Softgells"}, {"drug_id": "DB00163","brand_name": "Vitec"}, {"drug_id": "DB00165","brand_name": "Aderoxine"}, {"drug_id": "DB00165","brand_name": "Alestrol"}, {"drug_id": "DB00165","brand_name": "Becilan"}, {"drug_id": "DB00165","brand_name": "Beesix"}, {"drug_id": "DB00165","brand_name": "Benadon"}, {"drug_id": "DB00165","brand_name": "Bonasanit"}, {"drug_id": "DB00165","brand_name": "Campoviton 6"}, {"drug_id": "DB00165","brand_name": "Gravidox"}, {"drug_id": "DB00165","brand_name": "Hexa-Betalin"}, {"drug_id": "DB00165","brand_name": "Hexavibex"}, {"drug_id": "DB00165","brand_name": "Hexermin"}, {"drug_id": "DB00165","brand_name": "Hexermine"}, {"drug_id": "DB00165","brand_name": "Hexobion"}, {"drug_id": "DB00165","brand_name": "Hydoxin"}, {"drug_id": "DB00165","brand_name": "Nestrex"}, {"drug_id": "DB00165","brand_name": "Pydox"}, {"drug_id": "DB00165","brand_name": "Pyridipca"}, {"drug_id": "DB00165","brand_name": "Pyridox"}, {"drug_id": "DB00165","brand_name": "Rodex TD"}, {"drug_id": "DB00165","brand_name": "Tex Six T.R."}, {"drug_id": "DB00166","brand_name": "Biletan"}, {"drug_id": "DB00166","brand_name": "Heparlipon"}, {"drug_id": "DB00166","brand_name": "Thioctsan"}, {"drug_id": "DB00168","brand_name": "Aminosweet"}, {"drug_id": "DB00168","brand_name": "Canderel"}, {"drug_id": "DB00168","brand_name": "Equal"}, {"drug_id": "DB00168","brand_name": "Nutrasweet"}, {"drug_id": "DB00168","brand_name": "Tri-sweet"}, {"drug_id": "DB00169","brand_name": "Delsterol"}, {"drug_id": "DB00169","brand_name": "Delta-D"}, {"drug_id": "DB00169","brand_name": "Deparal"}, {"drug_id": "DB00169","brand_name": "Ebivit"}, {"drug_id": "DB00169","brand_name": "Micro-Dee"}, {"drug_id": "DB00169","brand_name": "Oleovitamin D3"}, {"drug_id": "DB00169","brand_name": "Provitamin D3"}, {"drug_id": "DB00169","brand_name": "Provitamine"}, {"drug_id": "DB00169","brand_name": "Provitina"}, {"drug_id": "DB00169","brand_name": "Ricketon"}, {"drug_id": "DB00169","brand_name": "Trivitan"}, {"drug_id": "DB00169","brand_name": "Vigantol"}, {"drug_id": "DB00169","brand_name": "Vigorsan"}, {"drug_id": "DB00170","brand_name": "Kappaxin"}, {"drug_id": "DB00170","brand_name": "Kayklot"}, {"drug_id": "DB00170","brand_name": "Klottone"}, {"drug_id": "DB00170","brand_name": "Kolklot"}, {"drug_id": "DB00170","brand_name": "Panosine"}, {"drug_id": "DB00170","brand_name": "Synkavite"}, {"drug_id": "DB00170","brand_name": "Synkayvite"}, {"drug_id": "DB00171","brand_name": "Adephos"}, {"drug_id": "DB00171","brand_name": "Adetol"}, {"drug_id": "DB00171","brand_name": "Adynol"}, {"drug_id": "DB00171","brand_name": "Atipi"}, {"drug_id": "DB00171","brand_name": "Atriphos"}, {"drug_id": "DB00171","brand_name": "Cardenosine"}, {"drug_id": "DB00171","brand_name": "Fosfobion"}, {"drug_id": "DB00171","brand_name": "Glucobasin"}, {"drug_id": "DB00171","brand_name": "Myotriphos"}, {"drug_id": "DB00171","brand_name": "Phosphobion"}, {"drug_id": "DB00171","brand_name": "Striadyne"}, {"drug_id": "DB00171","brand_name": "Triadenyl"}, {"drug_id": "DB00171","brand_name": "Triphosphaden"}, {"drug_id": "DB00173","brand_name": "Leuco-4"}, {"drug_id": "DB00173","brand_name": "Pedatisectine B"}, {"drug_id": "DB00174","brand_name": "Agedoite"}, {"drug_id": "DB00174","brand_name": "Altheine"}, {"drug_id": "DB00174","brand_name": "Crystal VI"}, {"drug_id": "DB00175","brand_name": "Elisor"}, {"drug_id": "DB00175","brand_name": "Lipostat"}, {"drug_id": "DB00175","brand_name": "Mevalotin"}, {"drug_id": "DB00175","brand_name": "Mevinolin"}, {"drug_id": "DB00175","brand_name": "Oliprevin"}, {"drug_id": "DB00175","brand_name": "Pravachol"}, {"drug_id": "DB00175","brand_name": "Pravaselect"}, {"drug_id": "DB00175","brand_name": "Selectin"}, {"drug_id": "DB00175","brand_name": "Selipran"}, {"drug_id": "DB00175","brand_name": "Vasten"}, {"drug_id": "DB00176","brand_name": "Dumirox"}, {"drug_id": "DB00176","brand_name": "Dumyrox"}, {"drug_id": "DB00176","brand_name": "Faverin"}, {"drug_id": "DB00176","brand_name": "Fevarin"}, {"drug_id": "DB00176","brand_name": "Floxyfral"}, {"drug_id": "DB00176","brand_name": "Luvox"}, {"drug_id": "DB00176","brand_name": "Maveral"}, {"drug_id": "DB00177","brand_name": "Diovan"}, {"drug_id": "DB00177","brand_name": "Valsarran"}, {"drug_id": "DB00178","brand_name": "Acovil"}, {"drug_id": "DB00178","brand_name": "Altace"}, {"drug_id": "DB00178","brand_name": "Carasel"}, {"drug_id": "DB00178","brand_name": "Cardace"}, {"drug_id": "DB00178","brand_name": "Delix"}, {"drug_id": "DB00178","brand_name": "Hypren"}, {"drug_id": "DB00178","brand_name": "Hytren"}, {"drug_id": "DB00178","brand_name": "Lostapres"}, {"drug_id": "DB00178","brand_name": "Pramace"}, {"drug_id": "DB00178","brand_name": "Quark"}, {"drug_id": "DB00178","brand_name": "Ramace"}, {"drug_id": "DB00178","brand_name": "Triatec"}, {"drug_id": "DB00178","brand_name": "Tritace"}, {"drug_id": "DB00178","brand_name": "Vesdil"}, {"drug_id": "DB00179","brand_name": "Actinex"}, {"drug_id": "DB00180","brand_name": "Aerobid"}, {"drug_id": "DB00180","brand_name": "Bronalide"}, {"drug_id": "DB00180","brand_name": "Lunis"}, {"drug_id": "DB00180","brand_name": "Nasalide"}, {"drug_id": "DB00180","brand_name": "Nasarel"}, {"drug_id": "DB00180","brand_name": "Rhinalar"}, {"drug_id": "DB00180","brand_name": "Synaclyn"}, {"drug_id": "DB00180","brand_name": "Syntaris"}, {"drug_id": "DB00181","brand_name": "Baclon"}, {"drug_id": "DB00181","brand_name": "Kemstro"}, {"drug_id": "DB00181","brand_name": "Lioresal"}, {"drug_id": "DB00181","brand_name": "Lioresal Intrathecal"}, {"drug_id": "DB00181","brand_name": "Nu-Baclofen"}, {"drug_id": "DB00181","brand_name": "Pms-Baclofen"}, {"drug_id": "DB00182","brand_name": "Actedron"}, {"drug_id": "DB00182","brand_name": "Adipan"}, {"drug_id": "DB00182","brand_name": "Allodene"}, {"drug_id": "DB00182","brand_name": "Anorexide"}, {"drug_id": "DB00182","brand_name": "Anorexine"}, {"drug_id": "DB00182","brand_name": "Benzebar"}, {"drug_id": "DB00182","brand_name": "Benzedrine"}, {"drug_id": "DB00182","brand_name": "Benzolone"}, {"drug_id": "DB00182","brand_name": "Dexampex"}, {"drug_id": "DB00182","brand_name": "Elastonon"}, {"drug_id": "DB00182","brand_name": "Fenamin"}, {"drug_id": "DB00182","brand_name": "Ferndex"}, {"drug_id": "DB00182","brand_name": "Finam"}, {"drug_id": "DB00182","brand_name": "Isoamycin"}, {"drug_id": "DB00182","brand_name": "Isoamyne"}, {"drug_id": "DB00182","brand_name": "Isomyn"}, {"drug_id": "DB00182","brand_name": "Mecodrin"}, {"drug_id": "DB00182","brand_name": "Methampex"}, {"drug_id": "DB00182","brand_name": "Norephedrane"}, {"drug_id": "DB00182","brand_name": "Novydrine"}, {"drug_id": "DB00182","brand_name": "Oktedrin"}, {"drug_id": "DB00182","brand_name": "Ortedrine"}, {"drug_id": "DB00182","brand_name": "Paredrine"}, {"drug_id": "DB00182","brand_name": "Percomon"}, {"drug_id": "DB00182","brand_name": "Phenamine"}, {"drug_id": "DB00182","brand_name": "Phenedrine"}, {"drug_id": "DB00182","brand_name": "Profamina"}, {"drug_id": "DB00182","brand_name": "Propisamine"}, {"drug_id": "DB00182","brand_name": "Psychedrine"}, {"drug_id": "DB00182","brand_name": "Raphetamine"}, {"drug_id": "DB00182","brand_name": "Rhinalator"}, {"drug_id": "DB00182","brand_name": "Simpatedrin"}, {"drug_id": "DB00182","brand_name": "Simpatina"}, {"drug_id": "DB00182","brand_name": "Sympamin"}, {"drug_id": "DB00182","brand_name": "Sympamine"}, {"drug_id": "DB00182","brand_name": "Sympatedrine"}, {"drug_id": "DB00182","brand_name": "Weckamine"}, {"drug_id": "DB00183","brand_name": "Peptavlon"}, {"drug_id": "DB00184","brand_name": "Black Leaf"}, {"drug_id": "DB00184","brand_name": "Black Leaf 40"}]}