{"patient_info" : [{"patient_id": 34222,"first_name": "Dan","middle_name": "","last_name": "Huynh","DOB": "2013-11-21","room_number": 0,"address_id": 5}, {"patient_id": 34223,"first_name": "Jack","middle_name": "","last_name": "Frost","DOB": "2000-12-01","room_number": 0,"address_id": 27}, {"patient_id": 34258,"first_name": "Edward","middle_name": "L","last_name": "Norton","DOB": "1987-08-10","room_number": 0,"address_id": 17}, {"patient_id": 34259,"first_name": "John","middle_name": "William","last_name": "Smythe","DOB": "1975-12-01","room_number": 0,"address_id": 26}, {"patient_id": 34260,"first_name": "Patricia","middle_name": "","last_name": "Leaner","DOB": "1975-01-01","room_number": 0,"address_id": 8}, {"patient_id": 34261,"first_name": "Helen","middle_name": "Ann","last_name": "Atkinson","DOB": "1998-01-01","room_number": 0,"address_id": 32}, {"patient_id": 34262,"first_name": "Ace","middle_name": "","last_name": "Ventura","DOB": "1965-06-01","room_number": 0,"address_id": 16}, {"patient_id": 34263,"first_name": "Jack","middle_name": "M","last_name": "Frost","DOB": "1956-11-01","room_number": 0,"address_id": 1}, {"patient_id": 34264,"first_name": "Amy","middle_name": "Michelle","last_name": "Worthington","DOB": "1980-10-01","room_number": 0,"address_id": 19}, {"patient_id": 34265,"first_name": "Eleanor","middle_name": "N","last_name": "Mackey","DOB": "1957-09-01","room_number": 0,"address_id": 7}, {"patient_id": 34266,"first_name": "William","middle_name": "","last_name": "Johnson","DOB": "1958-11-01","room_number": 0,"address_id": 15}, {"patient_id": 34267,"first_name": "Joseph","middle_name": "Francis","last_name": "Springfield","DOB": "2000-06-01","room_number": 0,"address_id": 28}, {"patient_id": 34268,"first_name": "Edward","middle_name": "Cory","last_name": "McDonegal","DOB": "1958-08-01","room_number": 0,"address_id": 14}, {"patient_id": 34269,"first_name": "Michael","middle_name": "","last_name": "Hurley","DOB": "1955-09-01","room_number": 0,"address_id": 18}, {"patient_id": 34270,"first_name": "Rose","middle_name": "","last_name": "MacAllister","DOB": "1957-06-01","room_number": 0,"address_id": 10}, {"patient_id": 34271,"first_name": "Eleanor","middle_name": "","last_name": "Winchel","DOB": "2000-12-01","room_number": 0,"address_id": 2}, {"patient_id": 34272,"first_name": "Rachel","middle_name": "Beatriz","last_name": "Finster","DOB": "1987-08-10","room_number": 0,"address_id": 25}, {"patient_id": 34273,"first_name": "Calvin","middle_name": "Forest","last_name": "Kelly","DOB": "1977-08-01","room_number": 0,"address_id": 11}, {"patient_id": 34274,"first_name": "Emeril","middle_name": "","last_name": "Lagrange","DOB": "1987-08-10","room_number": 0,"address_id": 3}, {"patient_id": 34275,"first_name": "Arthur","middle_name": "Ezekiel","last_name": "Kelly","DOB": "1982-11-01","room_number": 0,"address_id": 4}, {"patient_id": 34276,"first_name": "Bill","middle_name": "","last_name": "Newton","DOB": "1977-06-01","room_number": 0,"address_id": 29}, {"patient_id": 34277,"first_name": "Robert","middle_name": "Lywellyn","last_name": "Eintsein","DOB": "1967-10-01","room_number": 0,"address_id": 9}, {"patient_id": 34278,"first_name": "Clay","middle_name": "","last_name": "Schilling","DOB": "1960-12-01","room_number": 0,"address_id": 20}, {"patient_id": 34279,"first_name": "Robert","middle_name": "","last_name": "Norton","DOB": "1961-08-01","room_number": 0,"address_id": 24}, {"patient_id": 34291,"first_name": "Clint","middle_name": "Howard","last_name": "Malvin","DOB": "2001-07-01","room_number": 0,"address_id": 5}, {"patient_id": 34292,"first_name": "David","middle_name": "Alabash","last_name": "Benedict","DOB": "1959-09-01","room_number": 0,"address_id": 21}, {"patient_id": 34293,"first_name": "Michael","middle_name": "Jack","last_name": "Schmitt","DOB": "1957-10-01","room_number": 0,"address_id": 31}, {"patient_id": 34294,"first_name": "Susan","middle_name": "Michele","last_name": "Farnsworth","DOB": "1963-12-01","room_number": 0,"address_id": 6}, {"patient_id": 34295,"first_name": "Sara","middle_name": "K","last_name": "Connor","DOB": "1964-06-01","room_number": 0,"address_id": 12}, {"patient_id": 34296,"first_name": "Sarah","middle_name": "","last_name": "Heinman","DOB": "1974-10-01","room_number": 0,"address_id": 22}, {"patient_id": 34297,"first_name": "Nolan","middle_name": "Bushnell","last_name": "Farnsworth","DOB": "1949-09-01","room_number": 0,"address_id": 6}, {"patient_id": 34298,"first_name": "Taylor","middle_name": "Tricia","last_name": "Moon","DOB": "1962-12-01","room_number": 0,"address_id": 30}, {"patient_id": 34299,"first_name": "Theresa","middle_name": "","last_name": "Ford","DOB": "1949-12-01","room_number": 0,"address_id": 13}, {"patient_id": 34300,"first_name": "Emily","middle_name": "Jillene","last_name": "Manheim","DOB": "1978-09-01","room_number": 0,"address_id": 23}]}