<geometry width="250" height="550">
      <text x="20" y="300" size="20">I&apos;ll make him an offer he can&apos;t refuse.</text>
      <text x="20" y="321" size="20">Marlon Brando</text>
            <rectangle>
                  <point x="100" y="50" />
                  <point x="150" y="250" />
            </rectangle>
            <rectangle>
                  <point x="50" y="100" />
                  <point x="200" y="150" />
            </rectangle>
            <rectangle>
                  <point x="20" y="300" />
                  <point x="500" y="300" />
            </rectangle>
            <rectangle>
                  <point x="20" y="321" />
                  <point x="500" y="321" />
            </rectangle>
 
</geometry>